Create Date,20241009_121644
Start Freq,1220000000.0
Stop Freq,1520000000.0
# Points,401
# Samples,10
Interval,0.2
Time,1728472604.7168922
0.0009980201721191406,-71.6012403,-65.782976,-77.9070528,-72.5371389,-69.9344178,-72.6887776,-66.5110795,-74.0156748,-71.7571312,-64.0366204,-65.268187,-76.5415818,-66.9448945,-68.778026,-72.9616581,-68.5507422,-73.769397,-72.1896474,-76.4610622,-72.9321542,-70.2856464,-70.5801062,-60.0882156,-69.2009937,-79.0002198,-72.9864456,-80.7531609,-77.7785917,-74.5332879,-72.6994624,-65.0629822,-74.974327,-69.2904909,-65.7691632,-71.5119015,-73.8026317,-73.0842415,-67.1530598,-64.699229,-76.6218441,-69.9995477,-67.5236362,-76.8928847,-69.3735936,-63.2886114,-69.1293765,-78.8924527,-70.7830998,-65.041075,-64.001063,-74.7072598,-77.3562646,-66.5225925,-72.7658094,-67.2255002,-68.2364591,-75.2419134,-74.2639955,-73.6204137,-69.1700031,-70.9090006,-70.4732268,-71.9038788,-69.6335883,-71.0535594,-74.1834361,-63.7684162,-66.4104987,-71.7984977,-68.5036985,-64.7704459,-75.9725015,-66.6494074,-67.4963409,-64.3934072,-62.299055,-70.1268088,-66.082833,-67.3277826,-71.9576894,-83.974912,-70.886975,-68.1335008,-73.6021466,-69.1513015,-63.4958892,-69.5113061,-66.3507986,-68.0190011,-72.7819797,-72.2928561,-65.415563,-73.4451665,-70.2434948,-67.4554717,-78.2556078,-71.9751367,-74.313871,-72.7060902,-69.2872198,-69.949799,-68.1174706,-75.7468441,-71.2322471,-67.4501192,-68.5182332,-68.4128354,-62.7731992,-72.4800774,-68.7054612,-71.8344893,-71.4018364,-69.2062558,-72.7537836,-70.9870762,-62.846346,-63.0892147,-67.6412032,-69.792364,-66.9816898,-73.9274198,-70.669758,-72.2744638,-71.0649696,-65.6790719,-69.97633,-72.1669832,-75.2348697,-70.6504653,-72.4666318,-70.762935,-68.1873646,-67.1354448,-65.82925,-76.7859867,-67.4491199,-64.0223316,-70.9582631,-69.7661576,-74.5589538,-67.3635145,-74.592632,-64.9729822,-72.7764041,-65.1766439,-68.7628287,-64.1511782,-71.813858,-70.9485537,-67.2116106,-72.0029169,-67.5786193,-79.8273397,-62.1884311,-85.1179635,-65.9826427,-72.3251775,-67.6648731,-66.1345091,-73.4372195,-62.3015196,-74.8464889,-67.6385113,-70.7718896,-72.3772237,-67.3248922,-68.0852903,-76.7480763,-70.51936,-80.3756352,-68.5781318,-69.4145295,-63.612825,-67.7107432,-70.0684088,-76.6220998,-78.0013874,-70.1715713,-72.1914145,-69.9046563,-72.2079113,-68.7033973,-66.7886426,-69.2672131,-75.9107819,-66.6512675,-70.7757769,-67.7557704,-72.7350914,-71.2988944,-70.4018134,-63.4185389,-66.8682224,-66.4970938,-68.7243192,-64.7855511,-69.9154118,-67.9015818,-63.8581796,-65.0126472,-80.2457119,-70.0122146,-69.0130851,-80.312899,-64.5611807,-70.2764316,-72.8118631,-64.1024806,-63.2365364,-76.1427564,-73.1751935,-70.2691809,-65.8053183,-64.3342753,-79.8065521,-68.0981642,-65.3086545,-65.8729317,-68.8211735,-75.9973834,-78.4343497,-77.8211696,-72.2386757,-73.3047653,-70.4567101,-66.7027986,-79.736927,-80.624823,-66.0238572,-67.355161,-75.6024796,-71.2273663,-66.5928444,-70.8383323,-70.5420903,-70.3239349,-72.7421058,-71.622825,-75.568688,-78.1862528,-68.3898596,-70.9344275,-69.5235345,-63.4075555,-70.0889897,-68.0189804,-66.9108546,-68.3943358,-71.625278,-76.922299,-75.1230291,-77.5716298,-73.8247344,-70.5136379,-68.7698688,-73.6160231,-69.4476844,-70.5782184,-69.6313949,-77.0938943,-70.1547705,-70.5346055,-67.323269,-68.8927277,-72.0467212,-64.4838452,-69.0918994,-72.7562252,-63.7821263,-69.4954652,-67.908323,-67.3527489,-70.8522226,-70.0314768,-76.4350788,-73.8850332,-73.3688305,-71.9898013,-72.3472087,-70.132515,-72.0862519,-73.7460606,-71.0897118,-76.7933782,-70.1707702,-76.4845631,-72.973107,-66.1451322,-71.1403038,-79.4589004,-74.5797365,-69.4104678,-80.7298033,-71.3391203,-74.081175,-74.9938469,-75.2530685,-78.2467721,-77.1933262,-73.2662572,-64.4598165,-66.9444591,-79.1834153,-69.188244,-70.4630368,-77.8841515,-72.4197508,-65.9207764,-70.979928,-73.2035256,-69.8128887,-67.0584833,-64.3528248,-66.8728594,-66.0338935,-66.6338234,-72.862699,-72.0823264,-69.0083036,-67.0966207,-77.5507232,-69.1847372,-73.2685126,-66.8530612,-67.0003203,-70.8085343,-63.5081781,-72.2280718,-66.0026543,-63.3629019,-64.2583082,-73.434557,-63.8334978,-69.2284524,-74.8210074,-66.741535,-66.3651034,-70.0317245,-69.2833065,-71.0087066,-74.6079313,-74.0144166,-76.7624667,-73.6087761,-73.2804883,-74.0161898,-76.0467992,-75.1254375,-73.7805286,-77.3704896,-70.8805851,-70.3134779,-76.4278764,-70.5470722,-62.970752,-72.4097031,-72.9127558,-64.6832808,-68.9569853,-69.8116286,-70.980918,-77.2245354,-73.6515219,-68.8929553,-70.6855391,-65.4601845,-63.7924656,-63.4274918,-69.0320121,-66.6149302,-74.1600444,-89.4721578,-68.301337,-67.3562938,-64.9716443,-68.7977403,-80.2713326,-70.0757588,-80.0262294,-67.227815,-69.732501,-69.5623425,-64.8501351,-72.7601185,-68.4038786,-77.4750405,-66.1425086,-68.8176977,-69.3055238,-74.8928775,-74.487637,-81.2093681,-70.7139351,-63.0071184,-70.1639489,-69.6008002,-85.1110016,-66.1292607,-66.0650104,-70.6097049,-68.3378983
0.2669496536254883,-75.3265745,-68.3554051,-72.9634064,-83.6196275,-72.6834751,-65.656511,-65.1276187,-67.2259701,-71.0566798,-65.2092681,-71.8923153,-77.6417112,-71.9145532,-82.819759,-64.9781182,-79.2129111,-71.741252,-72.3376883,-71.2938388,-71.3303315,-74.6301928,-69.3253575,-64.8639335,-80.7720502,-66.445264,-75.6817148,-70.392961,-73.5146514,-71.0533633,-68.106402,-69.5458859,-73.4833088,-65.8766975,-66.1893537,-68.9023734,-64.7398322,-68.4201036,-67.5896742,-76.240491,-67.9638753,-72.8082882,-70.0024141,-72.9577262,-78.6985933,-80.5040677,-69.7603871,-72.4227209,-68.4043604,-76.5577766,-77.2078826,-66.2924053,-74.2015119,-71.9377841,-79.1633093,-66.1698292,-67.846213,-66.0299849,-73.2181871,-73.1756813,-68.9561479,-74.7109317,-68.6922002,-62.5038326,-69.8518937,-77.3726889,-69.5749812,-69.0345973,-73.2999141,-71.98329,-67.4680538,-73.0715471,-68.8545579,-69.2989438,-73.4066153,-75.562547,-63.9075087,-69.5514114,-77.2401472,-73.0573008,-72.0267919,-65.2226068,-71.680214,-66.5593938,-71.5649553,-70.3895806,-73.3916897,-77.7215888,-68.702282,-70.7287487,-75.2740681,-66.4050887,-75.3649182,-73.1231853,-79.5102332,-70.4060349,-71.5105519,-64.8244054,-68.3649429,-76.5301519,-69.4102465,-74.5915377,-75.4435005,-66.4174311,-68.6528205,-68.8751368,-69.057374,-67.178076,-83.5961521,-75.1870177,-66.7687697,-71.6284231,-71.0992672,-72.7964499,-69.5375883,-83.9867082,-71.9414068,-83.9121447,-64.5487578,-65.8162858,-63.9741456,-70.5364502,-68.0368427,-70.9016408,-66.5488952,-67.5668072,-66.4569069,-66.2030031,-74.1002324,-70.677091,-73.1242654,-65.8501144,-69.4390504,-70.5531554,-66.0209808,-68.5195333,-71.0850567,-75.2508504,-69.7204938,-72.3458018,-68.9786217,-71.4536448,-69.2542058,-66.8069777,-67.056167,-63.3496135,-66.8266333,-74.9631738,-73.2309721,-67.4106721,-63.900564,-70.7810851,-69.7208626,-67.5026846,-72.973922,-67.1846476,-64.269034,-70.7536717,-69.8526022,-70.6677341,-71.173963,-61.4059269,-77.2606987,-65.0439971,-70.9991304,-61.561207,-64.7184135,-70.4760167,-77.2219406,-67.6518378,-66.2704701,-65.8425303,-72.7738566,-74.4474643,-72.5758312,-72.3384631,-72.9544736,-73.6377506,-72.1284276,-69.1064571,-71.6707492,-63.2128756,-67.8783516,-71.1951127,-70.6284943,-73.479118,-67.7974616,-67.3272799,-68.0305744,-70.9163698,-73.4918699,-78.9809065,-66.4919092,-72.9686969,-69.2395323,-66.6294103,-74.2372193,-75.8868437,-69.6927456,-64.4705893,-66.3800749,-75.9958823,-68.1328797,-67.8314303,-70.1496203,-75.0165222,-69.0301097,-69.4500469,-69.8263059,-65.3599236,-69.1453378,-61.6787322,-66.5542246,-75.1451274,-74.8455551,-64.3390919,-80.0503087,-74.9884032,-69.1823697,-69.4856307,-69.606148,-75.2853216,-74.1202118,-79.3899135,-64.8480323,-74.1953123,-75.8744602,-65.2150761,-81.2233913,-65.6620699,-66.5328101,-72.0631926,-75.8654022,-71.5399118,-70.9325149,-71.9293869,-69.6811193,-62.5262464,-73.9362167,-76.8122304,-70.2097395,-79.3540811,-69.891875,-77.1618562,-62.869363,-76.42266,-69.840146,-67.9325878,-70.2382868,-72.7339957,-69.6168524,-69.7331623,-71.2606326,-74.9787935,-73.4309219,-68.5318494,-69.6648526,-66.3400746,-63.1849908,-68.8985902,-67.4388367,-64.9940088,-71.8461538,-86.0007859,-66.2822541,-68.0571327,-66.7733709,-63.9464014,-74.4262069,-71.2990622,-76.111166,-72.6510255,-70.9936183,-72.2534372,-71.1330359,-72.234185,-80.1652213,-74.7569103,-72.6442121,-67.3092711,-75.1399893,-61.2902509,-79.627313,-71.6360139,-74.4099751,-70.5159338,-71.8810204,-60.8381339,-72.6200151,-77.2542662,-64.6240639,-70.8591489,-69.9475394,-63.7664533,-77.2118933,-70.4329421,-81.3398524,-68.2218543,-69.2897208,-71.1236598,-67.334256,-63.1130033,-75.4791862,-71.4662324,-71.3106402,-67.5037136,-68.3942697,-70.4120643,-72.6779895,-69.8048235,-66.1440948,-69.1616042,-72.2884501,-69.2437656,-75.1856735,-79.1031094,-70.7097512,-66.0817925,-65.4455238,-63.8519731,-70.18811,-79.5287913,-70.3208234,-63.8190839,-73.0948593,-84.2480111,-74.0838301,-61.8408977,-70.2544711,-81.0388213,-74.9378322,-73.2218227,-66.7118696,-63.0172678,-73.3569634,-66.2328672,-76.7278714,-68.842588,-65.8402761,-67.9722535,-66.1162861,-66.6183802,-73.2524095,-72.1607031,-73.9346454,-64.066142,-63.5957489,-70.69326,-79.7340825,-70.678308,-68.7067227,-73.020386,-70.2818126,-64.68619,-65.3945562,-82.2951633,-80.7938512,-75.8963468,-68.5315914,-66.6363642,-74.4151265,-68.5209154,-65.7532438,-70.1666139,-61.8465141,-69.0408705,-67.6323711,-66.9443368,-76.5226611,-68.1525483,-65.9687438,-79.2601211,-77.5209185,-75.6127387,-65.1436363,-66.0346987,-70.6214796,-75.6189705,-73.0433268,-72.0606925,-71.4012855,-68.2933125,-73.8211895,-65.1780199,-65.1095396,-68.79661,-65.8686446,-70.2088634,-67.4277683,-79.1024697,-67.7354793,-66.1073201,-66.9507317,-66.4330928,-77.861128,-70.5571415,-63.9636504,-64.9055868,-82.1788246,-67.4277482,-73.8995092,-74.3483851
0.6795270442962646,-75.3265745,-68.3554051,-72.9634064,-83.6196275,-72.6834751,-65.656511,-65.1276187,-67.2259701,-71.0566798,-65.2092681,-71.8923153,-77.6417112,-71.9145532,-82.819759,-64.9781182,-79.2129111,-71.741252,-72.3376883,-71.2938388,-71.3303315,-74.6301928,-69.3253575,-64.8639335,-80.7720502,-66.445264,-75.6817148,-70.392961,-73.5146514,-71.0533633,-68.106402,-69.5458859,-73.4833088,-65.8766975,-66.1893537,-68.9023734,-64.7398322,-68.4201036,-67.5896742,-76.240491,-67.9638753,-72.8082882,-70.0024141,-72.9577262,-78.6985933,-80.5040677,-69.7603871,-72.4227209,-68.4043604,-76.5577766,-77.2078826,-66.2924053,-74.2015119,-71.9377841,-79.1633093,-66.1698292,-67.846213,-66.0299849,-73.2181871,-73.1756813,-68.9561479,-74.7109317,-68.6922002,-62.5038326,-69.8518937,-77.3726889,-69.5749812,-69.0345973,-73.2999141,-71.98329,-67.4680538,-73.0715471,-68.8545579,-69.2989438,-73.4066153,-75.562547,-63.9075087,-69.5514114,-77.2401472,-73.0573008,-72.0267919,-65.2226068,-71.680214,-66.5593938,-71.5649553,-70.3895806,-73.3916897,-77.7215888,-68.702282,-70.7287487,-75.2740681,-66.4050887,-75.3649182,-73.1231853,-79.5102332,-70.4060349,-71.5105519,-64.8244054,-68.3649429,-76.5301519,-69.4102465,-74.5915377,-75.4435005,-66.4174311,-68.6528205,-68.8751368,-69.057374,-67.178076,-83.5961521,-75.1870177,-66.7687697,-71.6284231,-71.0992672,-72.7964499,-69.5375883,-83.9867082,-71.9414068,-83.9121447,-64.5487578,-65.8162858,-63.9741456,-70.5364502,-68.0368427,-70.9016408,-66.5488952,-67.5668072,-66.4569069,-66.2030031,-74.1002324,-70.677091,-73.1242654,-65.8501144,-69.4390504,-70.5531554,-66.0209808,-68.5195333,-71.0850567,-75.2508504,-69.7204938,-72.3458018,-68.9786217,-71.4536448,-69.2542058,-66.8069777,-67.056167,-63.3496135,-66.8266333,-74.9631738,-73.2309721,-67.4106721,-63.900564,-70.7810851,-69.7208626,-67.5026846,-72.973922,-67.1846476,-64.269034,-70.7536717,-69.8526022,-70.6677341,-71.173963,-61.4059269,-77.2606987,-65.0439971,-70.9991304,-61.561207,-64.7184135,-70.4760167,-77.2219406,-67.6518378,-66.2704701,-65.8425303,-72.7738566,-74.4474643,-72.5758312,-72.3384631,-72.9544736,-73.6377506,-72.1284276,-69.1064571,-71.6707492,-63.2128756,-67.8783516,-71.1951127,-70.6284943,-73.479118,-67.7974616,-67.3272799,-68.0305744,-70.9163698,-73.4918699,-78.9809065,-66.4919092,-72.9686969,-69.2395323,-66.6294103,-74.2372193,-75.8868437,-69.6927456,-64.4705893,-66.3800749,-75.9958823,-68.1328797,-67.8314303,-70.1496203,-75.0165222,-69.0301097,-69.4500469,-69.8263059,-65.3599236,-69.1453378,-61.6787322,-66.5542246,-75.1451274,-74.8455551,-64.3390919,-80.0503087,-74.9884032,-69.1823697,-69.4856307,-69.606148,-75.2853216,-74.1202118,-79.3899135,-64.8480323,-74.1953123,-75.8744602,-65.2150761,-81.2233913,-65.6620699,-66.5328101,-72.0631926,-75.8654022,-71.5399118,-70.9325149,-71.9293869,-69.6811193,-62.5262464,-73.9362167,-76.8122304,-70.2097395,-79.3540811,-69.891875,-77.1618562,-62.869363,-76.42266,-69.840146,-67.9325878,-70.2382868,-72.7339957,-69.6168524,-69.7331623,-71.2606326,-74.9787935,-73.4309219,-68.5318494,-69.6648526,-66.3400746,-63.1849908,-68.8985902,-67.4388367,-64.9940088,-71.8461538,-86.0007859,-66.2822541,-68.0571327,-66.7733709,-63.9464014,-74.4262069,-71.2990622,-76.111166,-72.6510255,-70.9936183,-72.2534372,-71.1330359,-72.234185,-80.1652213,-74.7569103,-72.6442121,-67.3092711,-75.1399893,-61.2902509,-79.627313,-71.6360139,-74.4099751,-70.5159338,-71.8810204,-60.8381339,-72.6200151,-77.2542662,-64.6240639,-70.8591489,-69.9475394,-63.7664533,-77.2118933,-70.4329421,-81.3398524,-68.2218543,-69.2897208,-71.1236598,-67.334256,-63.1130033,-75.4791862,-71.4662324,-71.3106402,-67.5037136,-68.3942697,-70.4120643,-72.6779895,-69.8048235,-66.1440948,-69.1616042,-72.2884501,-69.2437656,-75.1856735,-79.1031094,-70.7097512,-66.0817925,-65.4455238,-63.8519731,-70.18811,-79.5287913,-70.3208234,-63.8190839,-73.0948593,-84.2480111,-74.0838301,-61.8408977,-70.2544711,-81.0388213,-74.9378322,-73.2218227,-66.7118696,-63.0172678,-73.3569634,-66.2328672,-76.7278714,-68.842588,-65.8402761,-67.9722535,-66.1162861,-66.6183802,-73.2524095,-72.1607031,-73.9346454,-64.066142,-63.5957489,-70.69326,-79.7340825,-70.678308,-68.7067227,-73.020386,-70.2818126,-64.68619,-65.3945562,-82.2951633,-80.7938512,-75.8963468,-68.5315914,-66.6363642,-74.4151265,-68.5209154,-65.7532438,-70.1666139,-61.8465141,-69.0408705,-67.6323711,-66.9443368,-76.5226611,-68.1525483,-65.9687438,-79.2601211,-77.5209185,-75.6127387,-65.1436363,-66.0346987,-70.6214796,-75.6189705,-73.0433268,-72.0606925,-71.4012855,-68.2933125,-73.8211895,-65.1780199,-65.1095396,-68.79661,-65.8686446,-70.2088634,-67.4277683,-79.1024697,-67.7354793,-66.1073201,-66.9507317,-66.4330928,-77.861128,-70.5571415,-63.9636504,-64.9055868,-82.1788246,-67.4277482,-73.8995092,-74.3483851
0.9239592552185059,-72.4873519,-75.1692541,-70.2552501,-66.6554331,-61.3606049,-71.5687141,-63.7450864,-67.053941,-75.3799493,-66.7241061,-71.4264218,-66.3538702,-76.5699643,-72.3136712,-86.2750923,-75.0907696,-76.788995,-59.8317747,-77.8211831,-65.8108474,-77.1429428,-71.2305887,-77.6352201,-68.715603,-66.7980896,-67.1218392,-74.8100004,-75.112488,-67.6759317,-72.0850222,-73.5723937,-69.8677322,-71.2589114,-72.1600659,-75.311635,-81.3168544,-70.249113,-71.3179861,-68.877875,-62.5468493,-63.9537473,-66.3166069,-71.4467577,-71.7681293,-69.8722061,-70.9586629,-70.2154774,-64.7827625,-68.8886562,-70.5794352,-67.3170543,-66.5609412,-68.466287,-65.9812861,-72.2470803,-66.6097953,-71.1206332,-70.6236366,-79.4090771,-69.1960442,-70.354411,-67.9193029,-69.772702,-74.2587427,-69.0533642,-68.6356387,-71.9784762,-66.554057,-78.8890559,-75.151549,-71.8540944,-66.3292032,-69.4160533,-72.4007512,-74.5882453,-67.1519513,-68.3527551,-67.3464504,-83.0651172,-72.3660809,-66.1081281,-69.5656744,-73.353419,-76.6868849,-69.6899184,-73.8524039,-71.61464,-86.6566222,-67.4138034,-64.8002432,-71.3177568,-68.4880832,-69.0649188,-66.7967724,-66.6905373,-70.820777,-80.3373904,-71.3352432,-70.1461329,-71.3773297,-74.2744684,-73.6604686,-71.372026,-71.9203321,-70.1439002,-71.4219961,-70.7139789,-66.6913927,-70.2962402,-77.5173412,-73.4342826,-71.4692155,-67.8325954,-70.8121509,-83.296468,-64.93481,-65.4621454,-74.9036314,-67.1180169,-69.432952,-65.6470635,-66.3403116,-70.2407623,-66.1557473,-65.3656163,-68.5421184,-66.0396549,-75.5085686,-69.5214935,-72.4962993,-70.2085293,-67.5607176,-76.0075948,-67.4917814,-76.6464005,-83.2087578,-74.2833198,-70.0383783,-66.8967575,-80.6410639,-68.1189084,-66.3094874,-70.168645,-77.8723164,-64.0704971,-68.4408779,-76.0922119,-76.5085314,-74.4274677,-67.1995493,-70.1146019,-70.4624783,-71.0219148,-72.7284532,-61.8313241,-76.1594736,-79.2930852,-68.178469,-66.2982417,-65.0136302,-67.6545052,-70.1619907,-81.4021617,-77.5490672,-77.0406332,-68.0538188,-65.0371735,-73.4596852,-83.7957785,-60.8655401,-74.5598791,-68.9374611,-76.0074671,-64.5071779,-79.4979842,-73.012824,-70.47862,-66.4264189,-62.4217893,-73.6148853,-72.7536907,-70.7877831,-70.4789831,-67.3048442,-75.1764609,-69.7459396,-73.9907885,-67.0225997,-67.0142417,-66.7071509,-75.3283262,-76.2624975,-69.7481724,-68.0759163,-69.1946786,-67.0204473,-70.8405283,-67.9983535,-72.6373317,-64.3229366,-71.7540232,-66.606408,-69.7059112,-77.5760874,-67.8410711,-73.005079,-73.5775212,-63.4390098,-69.1258567,-78.1591247,-72.2313945,-65.766217,-65.2538564,-67.3324892,-66.3477218,-71.1501336,-67.671456,-67.0231147,-79.2713494,-61.8400177,-69.2123358,-72.9521773,-71.844686,-72.9234315,-73.2937022,-69.1154527,-70.8355082,-61.3029376,-65.3480697,-78.4430264,-66.1683053,-66.6131257,-67.587124,-69.0764929,-70.9605109,-68.9959304,-66.4204222,-71.3303815,-70.3162876,-75.8663587,-71.6359999,-68.4965418,-63.6190891,-71.7471615,-70.8091987,-66.3754859,-73.476461,-73.6002979,-64.902647,-66.6482747,-69.7106853,-71.3478809,-83.7342844,-69.3977823,-73.3577254,-71.7373936,-72.6781868,-73.5546512,-63.3603725,-77.0494987,-77.8018213,-77.4549248,-79.0252625,-64.4747537,-67.1271988,-75.1462485,-69.7545223,-67.9465827,-73.8218771,-64.7523476,-65.7763207,-66.9681834,-72.2892996,-65.7096351,-69.5609471,-64.6127199,-74.734312,-81.8730045,-75.5778046,-66.8534477,-71.0081137,-66.1588301,-73.4925583,-71.5987552,-66.7609427,-74.9283693,-74.1145266,-71.7992053,-72.000875,-66.4553907,-77.8838931,-77.8709277,-71.4171563,-71.5535936,-69.5528466,-67.3436984,-75.4648564,-61.9644346,-70.5769043,-77.7751474,-74.28729,-69.2458403,-70.4036355,-72.1063355,-71.8932812,-65.6839613,-67.1925064,-66.8276291,-73.5387681,-75.455786,-65.3679849,-70.9872827,-65.4069275,-69.5519756,-63.6440619,-67.3542324,-74.9482013,-64.5017678,-77.1293777,-71.5900484,-69.5946434,-70.8747253,-65.2726368,-69.0687883,-69.8252436,-72.5808405,-73.7895392,-72.9845709,-76.9625068,-66.9987597,-73.2545617,-67.1921537,-71.9451627,-63.9170687,-72.3453132,-66.5809315,-69.6857814,-77.5408398,-80.3058913,-73.6742646,-77.2571221,-71.4214049,-83.3837017,-68.0944135,-70.3592782,-70.4853126,-68.2276195,-66.2437347,-69.0480846,-69.0964194,-66.2180463,-83.045013,-66.9091763,-66.8114435,-69.3651876,-66.9834468,-74.2776112,-65.6484978,-69.5473661,-61.6903152,-74.4295748,-77.6292794,-71.35345,-68.921663,-68.6412807,-70.8355066,-67.0671079,-80.1092251,-74.0755064,-72.1733128,-70.6205633,-79.399777,-68.9151991,-68.549211,-64.1807618,-70.8051006,-72.127977,-73.3186506,-69.7461694,-66.8703805,-73.9136428,-65.5066078,-68.0820185,-65.3162256,-66.7140466,-76.5587247,-67.2099502,-73.3677269,-63.633857,-74.2769247,-71.6018555,-65.0818565,-66.2573511,-71.2310802,-73.1304966,-62.9031479,-64.3230133,-72.0507078,-67.2163467,-66.4879873,-69.9939982
1.2023515701293945,-67.7078743,-75.6251087,-73.3625278,-67.9461236,-66.1949732,-67.1723144,-64.3768681,-67.1796849,-68.5172573,-73.2273614,-66.976281,-72.359768,-65.6396928,-74.727453,-75.8537169,-70.1331725,-67.6538548,-68.0734254,-73.3674653,-76.4714446,-69.397671,-73.8429131,-65.1354822,-73.0224537,-66.0989779,-67.1950322,-71.4969848,-76.406985,-67.5426552,-70.4604269,-67.1005648,-72.0642112,-69.1946346,-68.0340689,-70.3809591,-76.3794867,-69.2419604,-66.9941322,-69.363656,-71.3073049,-70.5006721,-69.6411373,-66.1699708,-75.3210881,-72.3833042,-69.4222613,-64.0370187,-75.1944959,-80.2676871,-72.6630617,-66.6310336,-72.1123454,-67.5447489,-72.3206118,-68.0570049,-64.9252536,-73.2542141,-65.3157805,-76.5167532,-71.0564839,-84.8919314,-72.9332225,-66.8690262,-81.2245221,-70.0193385,-75.6503823,-80.0309881,-86.3901278,-67.4909338,-78.1179841,-64.412322,-67.825853,-68.9571256,-70.8369492,-75.720833,-67.9512133,-64.4823841,-72.6196626,-75.4926783,-72.9290649,-71.936774,-73.4494323,-73.4523254,-69.7947524,-83.0361437,-72.136782,-76.6493233,-67.5176711,-67.0978332,-64.4959531,-62.171942,-66.2154078,-66.7190629,-74.3666978,-66.1721036,-67.9463396,-73.9791433,-72.4569871,-76.4603931,-74.4872659,-72.7446111,-78.8163667,-70.2124836,-73.6314355,-66.4332272,-78.0007526,-79.1518453,-73.9431959,-69.938845,-71.277851,-67.6945063,-65.1522933,-67.9587477,-69.6832975,-74.4877255,-67.6723802,-80.1763032,-68.024819,-71.9844648,-63.9591804,-71.8506787,-76.1521609,-64.7331299,-70.7390654,-72.083853,-82.1930463,-78.4327449,-66.784318,-67.2009568,-69.5473296,-74.5107319,-78.3825779,-72.9143512,-68.9835551,-64.5805734,-79.4021344,-74.2214327,-69.5088641,-74.9987992,-68.8776597,-66.417305,-66.8076945,-67.7192416,-67.0338642,-71.5769894,-72.4177699,-68.3809592,-65.2693267,-64.2836315,-73.0388523,-79.1973244,-68.5802681,-66.2650304,-76.5895006,-65.466172,-69.8224714,-67.1338089,-72.1635433,-69.6477276,-68.8324798,-68.9129914,-64.9997881,-70.0948603,-63.3406827,-68.7361412,-68.0756627,-67.5040974,-80.942999,-66.7081292,-81.9248753,-71.6652402,-75.690506,-70.7320884,-69.4872607,-66.4212115,-74.4034023,-78.1798288,-70.3411003,-62.6180284,-69.979425,-67.8863497,-73.7658316,-64.2219265,-67.407265,-79.9276288,-66.6024579,-76.7242285,-68.8895867,-74.4936765,-67.9425705,-65.660589,-68.1016984,-70.2903377,-70.7389343,-71.6740653,-67.9676314,-69.188114,-69.2148574,-70.8030667,-65.0873407,-65.4406969,-80.4377351,-67.4321373,-67.7936645,-81.6233155,-65.2294323,-66.1772236,-68.6356906,-74.8847015,-64.3881989,-68.3121303,-70.4540419,-67.456905,-76.8853162,-68.985144,-75.9311642,-69.5550468,-67.9740766,-74.0445204,-73.8918888,-67.3686221,-65.525874,-68.3246535,-63.2394279,-86.4688127,-73.9433342,-65.0998122,-73.3613734,-67.0633198,-67.4894374,-71.7983067,-65.265198,-69.5116251,-76.8365225,-70.9638779,-65.8057808,-73.7951258,-62.5286071,-71.4049329,-68.6574803,-64.3044796,-65.268886,-66.8438767,-70.0766372,-69.0960635,-72.3619588,-68.2778009,-68.2464738,-70.6711701,-70.7283752,-76.1962805,-71.3188375,-69.9386777,-66.3398273,-67.3935213,-64.9401931,-72.2686955,-71.6806074,-68.3523954,-66.5676771,-77.3046587,-65.1209531,-67.4310169,-65.6327817,-68.6293112,-62.9214517,-66.043462,-72.4153809,-71.8088124,-64.0093332,-60.0753291,-73.0405188,-74.8407707,-64.9131472,-66.3467137,-68.1344268,-68.3106858,-84.4739026,-66.0474475,-70.5875547,-72.247745,-61.9591319,-64.6555351,-65.9362543,-67.11196,-67.8159064,-68.6172895,-77.4715698,-68.4936487,-66.2005,-76.0127166,-73.4728969,-69.1106797,-62.1728261,-71.2539536,-77.4829429,-63.9360714,-67.715842,-65.8679376,-69.1265123,-75.2684841,-74.7050156,-70.0069637,-63.3843237,-69.7149889,-63.5366779,-74.1783096,-73.0787725,-68.4622471,-76.0713131,-66.060144,-72.1474191,-70.0342289,-70.1925027,-69.6124493,-71.9119508,-68.2412936,-66.4119629,-85.5100794,-64.6087054,-67.1005529,-67.1158481,-76.7195668,-68.7819854,-72.2352809,-72.0321294,-64.9587841,-72.2742184,-69.1278423,-64.8621709,-71.0987395,-68.1937021,-75.640488,-70.4836706,-73.2700573,-72.0484724,-66.6921853,-71.3461804,-68.0898587,-66.4621459,-77.3727814,-64.7147209,-69.4212523,-65.2200038,-72.0423047,-78.1286635,-67.2455933,-67.0922713,-70.7022355,-70.6156025,-70.8310055,-67.0831411,-70.9802348,-79.9880381,-69.4329944,-64.0189158,-75.0855702,-64.1140735,-68.9893842,-61.6791939,-76.1574901,-73.2267642,-63.2218111,-76.0166459,-77.1655453,-72.0341992,-83.3288104,-67.7114224,-65.9058529,-73.2634489,-63.9061421,-73.4114324,-65.8266835,-72.2159714,-69.6570792,-73.9475581,-66.9545792,-66.6324089,-66.3005331,-73.5195552,-68.6122426,-68.6212574,-74.8846221,-69.712807,-66.5192954,-70.1026441,-75.5257885,-68.4804264,-67.0141876,-73.2939201,-65.2034496,-76.9684223,-76.3756559,-69.0182746,-65.981443,-73.2978414,-65.9126546,-68.4291871,-71.1438086,-68.877119,-68.4506751
1.4587507247924805,-67.7078743,-75.6251087,-73.3625278,-67.9461236,-66.1949732,-67.1723144,-64.3768681,-67.1796849,-68.5172573,-73.2273614,-66.976281,-72.359768,-65.6396928,-74.727453,-75.8537169,-70.1331725,-67.6538548,-68.0734254,-73.3674653,-76.4714446,-69.397671,-73.8429131,-65.1354822,-73.0224537,-66.0989779,-67.1950322,-71.4969848,-76.406985,-67.5426552,-70.4604269,-67.1005648,-72.0642112,-69.1946346,-68.0340689,-70.3809591,-76.3794867,-69.2419604,-66.9941322,-69.363656,-71.3073049,-70.5006721,-69.6411373,-66.1699708,-75.3210881,-72.3833042,-69.4222613,-64.0370187,-75.1944959,-80.2676871,-72.6630617,-66.6310336,-72.1123454,-67.5447489,-72.3206118,-68.0570049,-64.9252536,-73.2542141,-65.3157805,-76.5167532,-71.0564839,-84.8919314,-72.9332225,-66.8690262,-81.2245221,-70.0193385,-75.6503823,-80.0309881,-86.3901278,-67.4909338,-78.1179841,-64.412322,-67.825853,-68.9571256,-70.8369492,-75.720833,-67.9512133,-64.4823841,-72.6196626,-75.4926783,-72.9290649,-71.936774,-73.4494323,-73.4523254,-69.7947524,-83.0361437,-72.136782,-76.6493233,-67.5176711,-67.0978332,-64.4959531,-62.171942,-66.2154078,-66.7190629,-74.3666978,-66.1721036,-67.9463396,-73.9791433,-72.4569871,-76.4603931,-74.4872659,-72.7446111,-78.8163667,-70.2124836,-73.6314355,-66.4332272,-78.0007526,-79.1518453,-73.9431959,-69.938845,-71.277851,-67.6945063,-65.1522933,-67.9587477,-69.6832975,-74.4877255,-67.6723802,-80.1763032,-68.024819,-71.9844648,-63.9591804,-71.8506787,-76.1521609,-64.7331299,-70.7390654,-72.083853,-82.1930463,-78.4327449,-66.784318,-67.2009568,-69.5473296,-74.5107319,-78.3825779,-72.9143512,-68.9835551,-64.5805734,-79.4021344,-74.2214327,-69.5088641,-74.9987992,-68.8776597,-66.417305,-66.8076945,-67.7192416,-67.0338642,-71.5769894,-72.4177699,-68.3809592,-65.2693267,-64.2836315,-73.0388523,-79.1973244,-68.5802681,-66.2650304,-76.5895006,-65.466172,-69.8224714,-67.1338089,-72.1635433,-69.6477276,-68.8324798,-68.9129914,-64.9997881,-70.0948603,-63.3406827,-68.7361412,-68.0756627,-67.5040974,-80.942999,-66.7081292,-81.9248753,-71.6652402,-75.690506,-70.7320884,-69.4872607,-66.4212115,-74.4034023,-78.1798288,-70.3411003,-62.6180284,-69.979425,-67.8863497,-73.7658316,-64.2219265,-67.407265,-79.9276288,-66.6024579,-76.7242285,-68.8895867,-74.4936765,-67.9425705,-65.660589,-68.1016984,-70.2903377,-70.7389343,-71.6740653,-67.9676314,-69.188114,-69.2148574,-70.8030667,-65.0873407,-65.4406969,-80.4377351,-67.4321373,-67.7936645,-81.6233155,-65.2294323,-66.1772236,-68.6356906,-74.8847015,-64.3881989,-68.3121303,-70.4540419,-67.456905,-76.8853162,-68.985144,-75.9311642,-69.5550468,-67.9740766,-74.0445204,-73.8918888,-67.3686221,-65.525874,-68.3246535,-63.2394279,-86.4688127,-73.9433342,-65.0998122,-73.3613734,-67.0633198,-67.4894374,-71.7983067,-65.265198,-69.5116251,-76.8365225,-70.9638779,-65.8057808,-73.7951258,-62.5286071,-71.4049329,-68.6574803,-64.3044796,-65.268886,-66.8438767,-70.0766372,-69.0960635,-72.3619588,-68.2778009,-68.2464738,-70.6711701,-70.7283752,-76.1962805,-71.3188375,-69.9386777,-66.3398273,-67.3935213,-64.9401931,-72.2686955,-71.6806074,-68.3523954,-66.5676771,-77.3046587,-65.1209531,-67.4310169,-65.6327817,-68.6293112,-62.9214517,-66.043462,-72.4153809,-71.8088124,-64.0093332,-60.0753291,-73.0405188,-74.8407707,-64.9131472,-66.3467137,-68.1344268,-68.3106858,-84.4739026,-66.0474475,-70.5875547,-72.247745,-61.9591319,-64.6555351,-65.9362543,-67.11196,-67.8159064,-68.6172895,-77.4715698,-68.4936487,-66.2005,-76.0127166,-73.4728969,-69.1106797,-62.1728261,-71.2539536,-77.4829429,-63.9360714,-67.715842,-65.8679376,-69.1265123,-75.2684841,-74.7050156,-70.0069637,-63.3843237,-69.7149889,-63.5366779,-74.1783096,-73.0787725,-68.4622471,-76.0713131,-66.060144,-72.1474191,-70.0342289,-70.1925027,-69.6124493,-71.9119508,-68.2412936,-66.4119629,-85.5100794,-64.6087054,-67.1005529,-67.1158481,-76.7195668,-68.7819854,-72.2352809,-72.0321294,-64.9587841,-72.2742184,-69.1278423,-64.8621709,-71.0987395,-68.1937021,-75.640488,-70.4836706,-73.2700573,-72.0484724,-66.6921853,-71.3461804,-68.0898587,-66.4621459,-77.3727814,-64.7147209,-69.4212523,-65.2200038,-72.0423047,-78.1286635,-67.2455933,-67.0922713,-70.7022355,-70.6156025,-70.8310055,-67.0831411,-70.9802348,-79.9880381,-69.4329944,-64.0189158,-75.0855702,-64.1140735,-68.9893842,-61.6791939,-76.1574901,-73.2267642,-63.2218111,-76.0166459,-77.1655453,-72.0341992,-83.3288104,-67.7114224,-65.9058529,-73.2634489,-63.9061421,-73.4114324,-65.8266835,-72.2159714,-69.6570792,-73.9475581,-66.9545792,-66.6324089,-66.3005331,-73.5195552,-68.6122426,-68.6212574,-74.8846221,-69.712807,-66.5192954,-70.1026441,-75.5257885,-68.4804264,-67.0141876,-73.2939201,-65.2034496,-76.9684223,-76.3756559,-69.0182746,-65.981443,-73.2978414,-65.9126546,-68.4291871,-71.1438086,-68.877119,-68.4506751
1.7091426849365234,-69.7378172,-74.7531376,-69.1935762,-62.3582402,-72.5353453,-72.801102,-68.9561094,-72.7553763,-68.4392489,-72.3775668,-67.2850953,-73.9860913,-69.7434966,-63.6992871,-69.1605674,-68.5674256,-76.2297651,-69.2573701,-64.0235727,-63.7502144,-63.4430955,-75.2844555,-79.5856847,-68.5481635,-62.8023009,-68.8521704,-72.6535914,-67.8017531,-66.1985448,-70.7587108,-66.9580798,-72.7175853,-64.848556,-68.4373075,-67.7123397,-75.9697359,-74.4287092,-85.6012646,-64.5686702,-64.967409,-68.4474122,-67.0056602,-65.6512894,-70.4992449,-64.5726732,-76.9391072,-74.8281862,-74.6839626,-75.9409511,-66.7421092,-70.6011686,-67.7636652,-69.7699327,-75.9816347,-74.648606,-63.939552,-65.3553574,-68.5658478,-75.9600485,-69.0881034,-74.1037688,-76.1473383,-69.2778241,-64.4271404,-63.1282424,-81.0212623,-74.9819953,-75.857845,-63.7506344,-70.6379451,-80.9065294,-65.6732323,-68.6742902,-72.1091989,-66.0545037,-69.19756,-76.2638914,-76.8330434,-70.0786369,-80.1998644,-78.7606034,-72.4942125,-73.2428034,-71.3728554,-72.4766577,-82.4215542,-71.2326087,-65.3056194,-70.1916681,-69.8946032,-71.0365563,-64.5306818,-72.7536169,-69.1226485,-69.2571559,-71.8373464,-68.9439855,-65.7092595,-62.9209267,-67.2626075,-69.5540183,-61.6074479,-73.7257897,-68.022596,-74.7299483,-62.1392107,-66.7301333,-67.9202998,-74.5942307,-70.5226188,-66.847698,-71.1970077,-77.5915302,-69.5639905,-69.1169316,-69.9739635,-67.8605962,-67.3980987,-77.0778644,-72.0493609,-73.1792709,-70.7093048,-71.5645623,-67.2353127,-67.1167352,-69.8345273,-69.8004658,-70.9636356,-65.6929901,-76.7816392,-76.4647731,-69.8054366,-64.6787048,-62.7693145,-71.0323638,-64.1163403,-67.017276,-75.3693254,-82.1530665,-63.692813,-66.885843,-71.084816,-78.8269786,-75.5471604,-68.5848417,-75.4745336,-71.6536199,-69.0941406,-68.0862745,-69.401593,-66.3246665,-71.9401298,-68.9730154,-66.8361159,-79.0470603,-73.8930366,-64.7830633,-63.8048732,-69.3855253,-74.904712,-73.2971277,-74.2242258,-64.3086049,-65.2954918,-69.433464,-64.9413831,-72.5855936,-71.9003127,-67.7890562,-69.9980654,-68.200428,-79.2829358,-66.4369851,-72.9072568,-71.4153926,-78.1860415,-74.3886282,-66.7336731,-75.5362859,-68.301763,-66.3744821,-70.1849638,-64.7798313,-77.4245992,-67.2915953,-62.2023029,-67.3635934,-63.1755381,-73.3242881,-72.3817069,-67.8345505,-70.9657202,-64.4752007,-75.1253749,-72.4996554,-80.0116077,-67.9142172,-66.4940358,-69.9488312,-68.0175353,-70.3170699,-68.8467495,-65.2159553,-74.4007374,-64.0084551,-68.9042536,-77.0688267,-64.8044934,-74.0232233,-69.0787334,-75.4823388,-66.5858744,-69.6810199,-65.3481142,-77.1361561,-72.0694404,-59.333419,-72.443367,-69.3438266,-65.3830462,-67.5405258,-71.1652165,-71.8622395,-66.943201,-69.6946704,-71.9360085,-65.8429141,-64.8725724,-76.2018516,-74.9184181,-72.7000445,-77.4732615,-67.9546482,-69.288475,-75.0808298,-72.2056571,-76.670451,-64.2665825,-71.2664566,-65.5059724,-69.8537938,-68.8312976,-67.2163129,-71.9702058,-78.4963049,-79.2867878,-73.7628903,-68.1527376,-69.6311411,-75.8279759,-64.9848921,-72.5862947,-69.4753758,-65.5302113,-76.8696784,-74.539968,-73.6351589,-76.7676198,-72.988295,-64.0654192,-78.1310507,-66.8241434,-69.1166187,-71.1281734,-79.1725478,-68.8015444,-64.479524,-64.5516066,-70.2808932,-68.9366901,-71.3963974,-76.0352507,-67.470714,-64.4899151,-68.9546479,-67.8794354,-66.1628889,-68.3636525,-63.0785855,-78.3265549,-69.4204324,-67.188823,-61.9087846,-69.8183977,-68.5097771,-66.8361595,-69.8327297,-68.3930474,-71.807862,-82.9256778,-67.9187413,-86.5895053,-68.7580589,-64.2758426,-62.5368535,-74.194703,-71.0677894,-78.5998827,-74.7372947,-69.9330521,-76.3851626,-68.0649628,-79.0029707,-63.4209488,-77.0750872,-74.513427,-75.3855938,-70.76419,-72.2328179,-78.934584,-66.4985643,-68.8903939,-72.3366107,-70.5355898,-67.8804624,-74.7954544,-75.147592,-75.3249423,-67.3635185,-59.368952,-71.4099374,-68.0165269,-81.6479547,-62.9082186,-71.6457283,-70.1705366,-65.0860924,-69.8502721,-73.2555629,-69.6298631,-68.8571654,-74.1048533,-70.7332963,-71.2729705,-70.776483,-77.4779093,-68.4289046,-70.3627627,-74.0869813,-78.1185383,-63.3396056,-64.7370544,-76.974128,-68.8150837,-78.7399964,-65.5165298,-65.7941372,-83.2939119,-73.1873207,-70.7158518,-76.8008544,-70.6649048,-74.4782801,-67.8144886,-74.7988048,-71.1215078,-72.6407541,-70.475938,-72.867261,-73.5056386,-68.6996965,-70.2528881,-69.4322493,-63.7055635,-64.7003597,-83.3222436,-75.0308087,-67.0475748,-71.1231329,-64.7599118,-66.1999252,-67.0860665,-71.3265468,-71.9249749,-87.6009607,-74.754159,-74.8939118,-76.1406936,-69.8354331,-69.4837635,-71.4637169,-70.05757,-67.853831,-65.9732231,-86.941432,-72.8429173,-66.7321669,-67.0935444,-69.7238631,-74.9289503,-69.19414,-73.7821374,-68.8529811,-65.1969152,-76.2487339,-75.2685219,-62.9428983,-70.3680744,-66.7565554,-71.9393499,-65.3953883
2.1145286560058594,-79.037927,-71.2510521,-70.0073262,-67.8129686,-66.6287228,-65.3349235,-68.5628152,-68.8488841,-66.2244986,-73.5355839,-71.0751934,-64.9505266,-74.2252304,-72.8045662,-68.2357625,-70.874545,-65.8010752,-69.740592,-63.2310338,-64.9830739,-66.8450027,-77.0485263,-65.4451953,-72.7356548,-63.3203967,-68.6057476,-68.2954101,-74.2120872,-74.4902961,-68.3332855,-73.7774782,-76.7248768,-75.7233334,-63.6407769,-66.1683091,-69.5088971,-68.1923974,-62.5774602,-71.2192993,-63.5882039,-89.7578464,-71.2047455,-65.6229178,-75.2993063,-72.1066857,-69.5002678,-72.8996356,-70.0011161,-64.7129885,-73.7661163,-72.472743,-77.4356228,-71.8667616,-79.4936119,-72.6391277,-71.9822463,-66.3825054,-74.9809705,-70.570516,-80.5487048,-70.3316159,-66.7299156,-66.0379352,-64.86012,-76.2271222,-65.8852093,-64.9161734,-72.0383065,-75.5321066,-68.6777331,-64.9706001,-67.9009078,-75.6016428,-76.6807076,-66.3005796,-69.0284462,-68.9960568,-67.1790743,-70.3621907,-72.5656943,-68.7811414,-67.7361101,-70.4040193,-63.1814599,-71.1724853,-63.9012479,-67.2456727,-63.3530705,-69.8667201,-67.7839958,-71.0304867,-61.0912995,-68.6920466,-67.4755756,-71.8412135,-62.7131843,-73.7978508,-70.814202,-73.3751515,-68.8784987,-65.1015905,-71.9928625,-65.5217617,-83.0241544,-74.046515,-70.8863899,-73.5436264,-72.6415963,-70.3754649,-75.1920875,-73.8743548,-66.6249872,-73.6862315,-70.3618737,-76.5088117,-63.7613814,-75.1342981,-65.5205406,-66.4809423,-72.3224691,-71.9040979,-82.1938155,-68.6646425,-64.9049716,-69.7432325,-84.187525,-71.6427763,-73.862586,-75.9261704,-75.6497405,-68.8037557,-68.9100361,-69.5714167,-73.924367,-74.3887975,-67.6132946,-89.9164113,-65.2853038,-81.4099388,-73.1582644,-69.7186664,-69.9093539,-66.6542776,-72.8356018,-70.7848652,-64.6886818,-69.9854297,-69.3033974,-72.9469168,-64.5186549,-71.4059732,-67.698829,-69.0527069,-78.4226293,-64.746231,-75.6326385,-65.053033,-72.0516869,-63.1732657,-67.0645702,-67.4573006,-71.735649,-64.9869917,-67.2395057,-69.1679142,-65.3253618,-73.185019,-64.1194804,-64.1293881,-72.0871059,-77.5675688,-71.6969545,-73.8987069,-66.8239525,-69.8425344,-75.4184426,-78.4962662,-67.6993828,-67.0836768,-70.8928511,-68.2773624,-68.6143372,-77.9765003,-71.3169925,-68.5831296,-73.9618915,-83.0948906,-64.7063791,-65.3037523,-63.8653533,-78.6706301,-65.462367,-70.0309106,-66.2489717,-72.1138958,-67.9884834,-70.9824579,-66.0079099,-74.9587818,-74.2421116,-74.8576542,-69.6766796,-71.3154086,-66.0579092,-68.6050328,-69.0486655,-72.352515,-71.4678828,-69.4044878,-79.2051209,-73.2373794,-74.6549387,-68.1853524,-79.477253,-67.7657982,-85.0711898,-69.3992503,-69.7893751,-69.8604364,-67.4213325,-71.9355693,-62.7295411,-64.0193491,-65.8261359,-73.44816,-66.0076764,-70.1068606,-67.7807509,-66.1672464,-69.9408836,-72.4690626,-71.3307737,-69.2540903,-64.974037,-77.4166493,-67.6660962,-79.8172009,-71.7084507,-70.1221776,-72.6174556,-76.6677539,-62.7800617,-75.0674881,-63.8147669,-65.915665,-67.3449166,-70.6664717,-70.8975837,-64.5566682,-81.7239638,-72.0284056,-71.0636864,-63.2514439,-70.0040798,-71.0787206,-73.1250366,-74.00591,-69.787666,-80.3369657,-66.3468958,-75.4394405,-75.828641,-73.4942569,-69.7156623,-70.8930214,-67.0254902,-71.7417953,-70.4932734,-76.3896451,-77.1458729,-70.2761213,-78.1390716,-73.7642445,-66.085259,-70.355631,-66.1088315,-70.4829034,-67.8674771,-72.943258,-75.2711141,-71.0365646,-70.8095174,-74.857969,-65.2849407,-76.5752222,-70.9144383,-70.9851938,-65.3475404,-68.4184212,-76.9058884,-66.7573983,-69.1733537,-67.674188,-76.740314,-67.0707512,-64.6996955,-68.4447974,-70.8996711,-68.2168526,-64.6752955,-82.2756593,-71.3027479,-83.1510797,-66.519362,-70.4591028,-77.1954275,-67.1549547,-68.9319692,-70.5465167,-67.9111804,-69.2078057,-67.1061681,-66.2197269,-64.5916878,-68.7940865,-63.5106086,-82.1103983,-78.8354444,-63.4540594,-69.7249512,-73.749073,-69.3658036,-72.0334812,-65.697559,-69.9057256,-65.7652786,-66.2103115,-64.4466101,-76.7946446,-73.6098979,-65.9473304,-68.5276511,-69.702919,-70.0668737,-63.9446994,-69.2423367,-63.3901331,-69.0222008,-74.8051005,-69.8048518,-72.8344292,-67.2989489,-64.6697621,-79.7447397,-70.9249316,-68.3437959,-71.9816831,-67.1033093,-70.3744091,-73.7475642,-64.6771271,-63.5131634,-77.4862567,-66.1342052,-78.3687675,-74.4190123,-61.063886,-68.5806374,-63.5800912,-71.7306457,-72.3161793,-68.6710752,-68.3645642,-68.2156559,-65.2987801,-62.6861359,-71.4072414,-64.8987446,-70.6236792,-66.8381955,-76.4246279,-64.9042695,-69.7710641,-74.5811201,-74.6024888,-74.2662371,-78.3915831,-67.1371388,-68.5236831,-65.1784657,-79.9748321,-64.8385454,-72.0027196,-61.7680903,-66.5202164,-72.2031459,-67.8432798,-69.7552715,-66.1813124,-69.4514663,-70.3918953,-61.7417418,-70.408828,-75.6893159,-65.7266846,-66.3361855,-61.4884764,-69.8640567,-73.4285258,-67.9055257,-74.6344576
2.4044952392578125,-79.037927,-71.2510521,-70.0073262,-67.8129686,-66.6287228,-65.3349235,-68.5628152,-68.8488841,-66.2244986,-73.5355839,-71.0751934,-64.9505266,-74.2252304,-72.8045662,-68.2357625,-70.874545,-65.8010752,-69.740592,-63.2310338,-64.9830739,-66.8450027,-77.0485263,-65.4451953,-72.7356548,-63.3203967,-68.6057476,-68.2954101,-74.2120872,-74.4902961,-68.3332855,-73.7774782,-76.7248768,-75.7233334,-63.6407769,-66.1683091,-69.5088971,-68.1923974,-62.5774602,-71.2192993,-63.5882039,-89.7578464,-71.2047455,-65.6229178,-75.2993063,-72.1066857,-69.5002678,-72.8996356,-70.0011161,-64.7129885,-73.7661163,-72.472743,-77.4356228,-71.8667616,-79.4936119,-72.6391277,-71.9822463,-66.3825054,-74.9809705,-70.570516,-80.5487048,-70.3316159,-66.7299156,-66.0379352,-64.86012,-76.2271222,-65.8852093,-64.9161734,-72.0383065,-75.5321066,-68.6777331,-64.9706001,-67.9009078,-75.6016428,-76.6807076,-66.3005796,-69.0284462,-68.9960568,-67.1790743,-70.3621907,-72.5656943,-68.7811414,-67.7361101,-70.4040193,-63.1814599,-71.1724853,-63.9012479,-67.2456727,-63.3530705,-69.8667201,-67.7839958,-71.0304867,-61.0912995,-68.6920466,-67.4755756,-71.8412135,-62.7131843,-73.7978508,-70.814202,-73.3751515,-68.8784987,-65.1015905,-71.9928625,-65.5217617,-83.0241544,-74.046515,-70.8863899,-73.5436264,-72.6415963,-70.3754649,-75.1920875,-73.8743548,-66.6249872,-73.6862315,-70.3618737,-76.5088117,-63.7613814,-75.1342981,-65.5205406,-66.4809423,-72.3224691,-71.9040979,-82.1938155,-68.6646425,-64.9049716,-69.7432325,-84.187525,-71.6427763,-73.862586,-75.9261704,-75.6497405,-68.8037557,-68.9100361,-69.5714167,-73.924367,-74.3887975,-67.6132946,-89.9164113,-65.2853038,-81.4099388,-73.1582644,-69.7186664,-69.9093539,-66.6542776,-72.8356018,-70.7848652,-64.6886818,-69.9854297,-69.3033974,-72.9469168,-64.5186549,-71.4059732,-67.698829,-69.0527069,-78.4226293,-64.746231,-75.6326385,-65.053033,-72.0516869,-63.1732657,-67.0645702,-67.4573006,-71.735649,-64.9869917,-67.2395057,-69.1679142,-65.3253618,-73.185019,-64.1194804,-64.1293881,-72.0871059,-77.5675688,-71.6969545,-73.8987069,-66.8239525,-69.8425344,-75.4184426,-78.4962662,-67.6993828,-67.0836768,-70.8928511,-68.2773624,-68.6143372,-77.9765003,-71.3169925,-68.5831296,-73.9618915,-83.0948906,-64.7063791,-65.3037523,-63.8653533,-78.6706301,-65.462367,-70.0309106,-66.2489717,-72.1138958,-67.9884834,-70.9824579,-66.0079099,-74.9587818,-74.2421116,-74.8576542,-69.6766796,-71.3154086,-66.0579092,-68.6050328,-69.0486655,-72.352515,-71.4678828,-69.4044878,-79.2051209,-73.2373794,-74.6549387,-68.1853524,-79.477253,-67.7657982,-85.0711898,-69.3992503,-69.7893751,-69.8604364,-67.4213325,-71.9355693,-62.7295411,-64.0193491,-65.8261359,-73.44816,-66.0076764,-70.1068606,-67.7807509,-66.1672464,-69.9408836,-72.4690626,-71.3307737,-69.2540903,-64.974037,-77.4166493,-67.6660962,-79.8172009,-71.7084507,-70.1221776,-72.6174556,-76.6677539,-62.7800617,-75.0674881,-63.8147669,-65.915665,-67.3449166,-70.6664717,-70.8975837,-64.5566682,-81.7239638,-72.0284056,-71.0636864,-63.2514439,-70.0040798,-71.0787206,-73.1250366,-74.00591,-69.787666,-80.3369657,-66.3468958,-75.4394405,-75.828641,-73.4942569,-69.7156623,-70.8930214,-67.0254902,-71.7417953,-70.4932734,-76.3896451,-77.1458729,-70.2761213,-78.1390716,-73.7642445,-66.085259,-70.355631,-66.1088315,-70.4829034,-67.8674771,-72.943258,-75.2711141,-71.0365646,-70.8095174,-74.857969,-65.2849407,-76.5752222,-70.9144383,-70.9851938,-65.3475404,-68.4184212,-76.9058884,-66.7573983,-69.1733537,-67.674188,-76.740314,-67.0707512,-64.6996955,-68.4447974,-70.8996711,-68.2168526,-64.6752955,-82.2756593,-71.3027479,-83.1510797,-66.519362,-70.4591028,-77.1954275,-67.1549547,-68.9319692,-70.5465167,-67.9111804,-69.2078057,-67.1061681,-66.2197269,-64.5916878,-68.7940865,-63.5106086,-82.1103983,-78.8354444,-63.4540594,-69.7249512,-73.749073,-69.3658036,-72.0334812,-65.697559,-69.9057256,-65.7652786,-66.2103115,-64.4466101,-76.7946446,-73.6098979,-65.9473304,-68.5276511,-69.702919,-70.0668737,-63.9446994,-69.2423367,-63.3901331,-69.0222008,-74.8051005,-69.8048518,-72.8344292,-67.2989489,-64.6697621,-79.7447397,-70.9249316,-68.3437959,-71.9816831,-67.1033093,-70.3744091,-73.7475642,-64.6771271,-63.5131634,-77.4862567,-66.1342052,-78.3687675,-74.4190123,-61.063886,-68.5806374,-63.5800912,-71.7306457,-72.3161793,-68.6710752,-68.3645642,-68.2156559,-65.2987801,-62.6861359,-71.4072414,-64.8987446,-70.6236792,-66.8381955,-76.4246279,-64.9042695,-69.7710641,-74.5811201,-74.6024888,-74.2662371,-78.3915831,-67.1371388,-68.5236831,-65.1784657,-79.9748321,-64.8385454,-72.0027196,-61.7680903,-66.5202164,-72.2031459,-67.8432798,-69.7552715,-66.1813124,-69.4514663,-70.3918953,-61.7417418,-70.408828,-75.6893159,-65.7266846,-66.3361855,-61.4884764,-69.8640567,-73.4285258,-67.9055257,-74.6344576
2.6748697757720947,-77.8033948,-69.8028968,-69.8306171,-73.6270272,-64.9158427,-67.4393571,-68.8510373,-72.4179047,-65.5617377,-74.0007142,-74.44864,-73.0456795,-76.885228,-75.3154561,-66.1786282,-74.0153438,-74.4473062,-64.4075586,-72.0882995,-70.0266623,-77.0665632,-76.0035435,-64.876716,-71.939372,-76.5435918,-74.4418535,-67.4690583,-63.3267332,-68.456062,-67.958137,-72.1388146,-82.2022054,-70.215465,-65.95697,-78.4970994,-68.3367752,-68.5826364,-69.7997123,-65.0314293,-66.0054375,-66.8777271,-70.0023506,-65.1676617,-66.5507844,-68.6179982,-75.1670554,-74.6812078,-62.0293535,-72.6141904,-64.9430327,-70.7391638,-67.9217387,-81.4225219,-66.229373,-68.9898117,-71.4465058,-69.0877384,-67.5963783,-66.4411305,-64.6661466,-71.8752411,-63.1011039,-73.6337485,-65.7737561,-69.5316754,-73.1264137,-71.0346483,-66.4867805,-68.8636329,-67.1604428,-72.2509379,-70.1939712,-70.1783566,-64.8099538,-71.7168512,-62.6580772,-67.6823355,-76.2496064,-84.0694464,-78.2456057,-75.6398427,-77.0193306,-67.6488725,-66.0325309,-67.8367998,-67.655696,-68.4693098,-66.87952,-73.0566001,-69.4653508,-68.5323654,-72.6567766,-73.1501776,-73.6208327,-69.483557,-71.9570557,-74.1646857,-74.6168443,-69.3106761,-70.0633075,-66.5369373,-76.6200035,-82.014173,-69.0747212,-74.0955592,-70.9277277,-71.3074172,-70.696907,-68.5104811,-66.0351266,-65.3469628,-66.0438325,-72.9449339,-68.1990891,-72.1215407,-69.7958045,-64.9090376,-63.4818537,-72.5067102,-68.7562961,-67.2430891,-84.6091051,-70.5754311,-76.3630509,-72.5727672,-65.3485739,-78.8223426,-71.519752,-74.7898986,-72.2101555,-65.5078165,-66.8526125,-68.6425065,-65.2000205,-67.0376164,-68.8667762,-73.8864485,-76.7340433,-70.4037437,-70.5643366,-67.5468224,-67.7649795,-67.3917638,-71.4341267,-66.2101993,-76.6770356,-67.7017245,-78.0722127,-69.3775154,-68.4705858,-63.971554,-75.2382828,-66.915103,-73.9290045,-74.8307437,-62.8026456,-78.224345,-71.6253786,-68.0374647,-64.1487183,-64.103946,-74.7380557,-71.989238,-71.2440582,-70.2396545,-71.0731922,-64.636776,-62.8992928,-77.2306741,-72.4207262,-63.8138228,-68.3678591,-65.7892342,-68.820144,-63.7928803,-71.2649197,-68.202067,-67.9603884,-80.9453363,-66.5522997,-70.4140484,-66.038045,-68.919457,-68.9544573,-67.307197,-75.8363069,-69.2112647,-65.1792953,-88.2911377,-75.2599192,-69.1861012,-68.3543522,-69.6830442,-76.8488513,-68.5193118,-66.5721516,-78.0660542,-74.8824296,-70.5883697,-74.5148871,-66.6661008,-68.2363877,-79.0888473,-65.2574931,-70.0455519,-72.6724202,-68.3762091,-74.7039543,-73.7288675,-72.6721838,-64.6158457,-71.633828,-70.3837039,-74.3920866,-71.0642531,-69.8080128,-69.9913527,-71.3051912,-66.5443037,-70.2551834,-74.6979564,-68.5123053,-69.7179108,-65.5365682,-67.5629718,-83.9392134,-76.2571358,-69.6091891,-70.2528227,-65.4634728,-66.9234427,-65.6663856,-70.6749316,-75.6481015,-72.9245454,-68.4758888,-71.9845328,-72.6228899,-76.4809368,-71.2821506,-73.5831182,-68.5997841,-69.913807,-69.7170245,-81.7176531,-71.6377291,-74.1402308,-70.487111,-67.5399654,-66.1855652,-71.2094792,-66.6706651,-84.103688,-67.7876689,-69.6528926,-74.6633626,-68.9051729,-66.4920295,-64.4036217,-63.091666,-71.0686993,-82.507552,-75.7958331,-66.6847755,-67.623555,-70.911402,-68.9376222,-69.9189168,-69.3766208,-80.3411425,-70.18461,-78.7785181,-63.5041047,-73.5459224,-68.4202835,-67.7185934,-65.2037374,-66.1968399,-75.2902855,-70.0914435,-65.3275572,-70.9133539,-69.4796359,-62.5723073,-70.90889,-73.0960407,-66.7840014,-74.8443585,-70.3791971,-72.4940981,-81.0250825,-69.0690764,-74.9855503,-72.0581548,-74.8725911,-71.4414074,-72.3333177,-64.3106346,-76.1900167,-72.4369079,-69.2408405,-65.3699351,-73.367303,-70.4571896,-68.8676154,-69.3691365,-73.3515036,-65.472615,-64.3513553,-69.8685152,-74.0148182,-67.1614534,-67.6321951,-74.2361511,-67.6120937,-65.7396311,-70.8392232,-86.6777256,-71.3253189,-66.9780961,-65.5614283,-68.3731659,-75.9788309,-66.1874156,-72.2596676,-75.4875708,-67.4943478,-76.1235747,-82.9038813,-87.5916511,-68.4901015,-69.130817,-66.8653177,-66.5421981,-65.7339059,-69.7816834,-67.2135931,-67.345391,-74.6250302,-70.4828602,-61.7676087,-71.1721069,-65.4890122,-66.1316397,-66.7623697,-66.6214287,-70.906048,-65.9361466,-69.9303808,-74.4872381,-75.0544637,-66.0373931,-69.5308661,-68.2585069,-71.7176062,-66.6125894,-84.7098493,-69.8613573,-68.6615076,-67.9230406,-74.8639537,-69.2954414,-68.4172287,-70.7641997,-67.7169748,-73.9365264,-77.0020105,-70.3896111,-70.7088714,-69.1513185,-66.0023131,-68.5480258,-64.4685701,-64.9354419,-68.1228136,-70.0274584,-67.6025798,-69.4779809,-62.1223961,-66.0463692,-66.728429,-73.2784235,-65.8162978,-73.7702393,-68.9605005,-74.5388935,-64.9131555,-81.2450728,-72.8483124,-69.0349011,-66.1663572,-70.2793328,-74.5259259,-67.8112187,-69.733512,-74.5690084,-66.7808537,-75.0660588,-62.8011545,-73.5072362,-78.8073904
